chain,opportunities,avg_apy,max_apy,avg_risk,avg_risk_adj_apy,total_tvl,total_liquidity
arbitrum,80,15.110898624999999,96.07234,0.9458826570500001,7.6484857352922235,1233097189.0,843964627.38
ethereum,197,12.530222436548224,91.05051,0.9410601286091369,6.407793317575235,7752084019.0,5676122848.159999
base,84,16.024863095238096,68.73592,0.9539920297619047,8.128823144720116,1724323885.0,789622091.88
